centroid,label,EM,dataset
0.812725860106143,g,LIME,ionoshpere
0.8143266787048001,g,LIME,ionoshpere
0.8232538941904816,g,LIME,ionoshpere
0.7217514508967777,g,LIME,ionoshpere
0.6605048021122628,g,LIME,ionoshpere
0.7118844746539202,g,LIME,ionoshpere
0.7614814500803683,g,LIME,ionoshpere
0.8004861668628648,g,LIME,ionoshpere
0.7578677448756191,g,LIME,ionoshpere
0.8475145406568511,g,LIME,ionoshpere
0.7735042171519917,g,LIME,ionoshpere
0.7055586229542091,g,LIME,ionoshpere
0.7642818588231147,g,LIME,ionoshpere
0.7739366524460523,g,LIME,ionoshpere
0.8256394162734125,g,LIME,ionoshpere
0.8131250308367489,g,LIME,ionoshpere
0.7975508824284446,g,LIME,ionoshpere
0.7389769704777324,g,LIME,ionoshpere
0.7629231646867994,g,LIME,ionoshpere
0.7729330000104313,g,LIME,ionoshpere
0.8029267213073937,g,LIME,ionoshpere
0.7385696972792474,g,LIME,ionoshpere
0.7196180586621364,g,LIME,ionoshpere
0.8313192964137883,g,LIME,ionoshpere
0.6983676744473509,g,LIME,ionoshpere
0.7731082057409429,g,LIME,ionoshpere
0.7743910648276618,g,LIME,ionoshpere
0.7148479744128824,g,LIME,ionoshpere
0.7822669898043065,g,LIME,ionoshpere
0.7950640150813673,g,LIME,ionoshpere
0.7646861268564779,g,LIME,ionoshpere
0.7722386303582913,g,LIME,ionoshpere
0.8280477313610222,g,LIME,ionoshpere
0.7126727192176956,g,LIME,ionoshpere
0.7261409549490488,g,LIME,ionoshpere
0.8129567964987562,g,LIME,ionoshpere
0.740699467581536,g,LIME,ionoshpere
0.7440739185540736,g,LIME,ionoshpere
0.7538448492535593,g,LIME,ionoshpere
0.7444093002861475,g,LIME,ionoshpere
0.7017474504365879,g,LIME,ionoshpere
0.7380029318575685,g,LIME,ionoshpere
0.7581224456944392,g,LIME,ionoshpere
0.7445691730741743,g,LIME,ionoshpere
0.7266028833837834,g,LIME,ionoshpere
0.798524051596837,g,LIME,ionoshpere
0.7607569260765503,g,LIME,ionoshpere
0.8305790666132719,g,LIME,ionoshpere
0.7472624643591074,g,LIME,ionoshpere
0.847650310027298,g,LIME,ionoshpere
0.8265016533410711,g,LIME,ionoshpere
0.842244148207722,g,LIME,ionoshpere
0.7310016531286915,g,LIME,ionoshpere
0.7526157151987655,g,LIME,ionoshpere
0.6896783727865278,g,LIME,ionoshpere
0.8168559185751488,g,LIME,ionoshpere
0.8133249260614877,g,LIME,ionoshpere
0.8025949388036409,g,LIME,ionoshpere
0.7460900140726058,g,LIME,ionoshpere
0.7866663889002126,g,LIME,ionoshpere
0.7641992513718616,g,LIME,ionoshpere
0.7563905147273744,g,LIME,ionoshpere
0.827540963744391,g,LIME,ionoshpere
0.7212239494978615,g,LIME,ionoshpere
0.7441376404510902,g,LIME,ionoshpere
0.8131834024943335,g,LIME,ionoshpere
0.8273635769192007,g,LIME,ionoshpere
0.7020792511245508,g,LIME,ionoshpere
0.769955358497137,g,LIME,ionoshpere
0.7264801164763102,g,LIME,ionoshpere
0.7173173655760112,g,LIME,ionoshpere
0.8564079565217309,b,LIME,ionoshpere
0.7954212068755461,b,LIME,ionoshpere
0.8283224537759386,b,LIME,ionoshpere
0.7537572245495131,b,LIME,ionoshpere
0.6782452949419787,b,LIME,ionoshpere
0.7510138916761531,b,LIME,ionoshpere
0.7234411915133772,b,LIME,ionoshpere
0.8370006209256303,b,LIME,ionoshpere
0.718297722647829,b,LIME,ionoshpere
0.8702855454040167,b,LIME,ionoshpere
0.8335537771352565,b,LIME,ionoshpere
0.7658553663896585,b,LIME,ionoshpere
0.719875562829388,b,LIME,ionoshpere
0.8276974137144231,b,LIME,ionoshpere
0.8423392128639803,b,LIME,ionoshpere
0.864585662406002,b,LIME,ionoshpere
0.7603230973461421,b,LIME,ionoshpere
0.7751530508098098,b,LIME,ionoshpere
0.7643889855538095,b,LIME,ionoshpere
0.8323171813246966,b,LIME,ionoshpere
0.8499767795940877,b,LIME,ionoshpere
0.704461522430053,b,LIME,ionoshpere
0.6841466250711179,b,LIME,ionoshpere
0.8635479372807223,b,LIME,ionoshpere
0.6792851888474308,b,LIME,ionoshpere
0.7999936925183186,b,LIME,ionoshpere
0.7744151909662247,b,LIME,ionoshpere
0.678911011322327,b,LIME,ionoshpere
0.7311798277185364,b,LIME,ionoshpere
0.8484992774681719,b,LIME,ionoshpere
0.8305748476757502,b,LIME,ionoshpere
0.8247066964010517,b,LIME,ionoshpere
0.8640128423204458,b,LIME,ionoshpere
0.7391400906052128,b,LIME,ionoshpere
0.7000730188841363,b,LIME,ionoshpere
0.8315591520049231,b,LIME,ionoshpere
0.8216901540903288,b,LIME,ionoshpere
0.6916565079951466,b,LIME,ionoshpere
0.7771822153958349,b,LIME,ionoshpere
0.7913055467999118,b,LIME,ionoshpere
0.7103000420908255,b,LIME,ionoshpere
0.698260673078548,b,LIME,ionoshpere
0.7262966067801537,b,LIME,ionoshpere
0.8037343207480316,b,LIME,ionoshpere
0.7563778297083277,b,LIME,ionoshpere
0.824637518979725,b,LIME,ionoshpere
0.7385889777501982,b,LIME,ionoshpere
0.839302419411684,b,LIME,ionoshpere
0.6996250995215407,b,LIME,ionoshpere
0.8573349021649834,b,LIME,ionoshpere
0.8733803938420169,b,LIME,ionoshpere
0.883733638916683,b,LIME,ionoshpere
0.6745472768066603,b,LIME,ionoshpere
0.7547767440552031,b,LIME,ionoshpere
0.6336561110406803,b,LIME,ionoshpere
0.8110129106675233,b,LIME,ionoshpere
0.8449706741838324,b,LIME,ionoshpere
0.8202150395184432,b,LIME,ionoshpere
0.7137100362894344,b,LIME,ionoshpere
0.821049803647307,b,LIME,ionoshpere
0.8135391312828081,b,LIME,ionoshpere
0.7315965687657402,b,LIME,ionoshpere
0.8641216437614098,b,LIME,ionoshpere
0.6902356268630554,b,LIME,ionoshpere
0.7214016496345969,b,LIME,ionoshpere
0.8358202052830821,b,LIME,ionoshpere
0.8214489417498441,b,LIME,ionoshpere
0.7480584106752146,b,LIME,ionoshpere
0.8125681407146021,b,LIME,ionoshpere
0.6754317821179803,b,LIME,ionoshpere
0.6924788989692879,b,LIME,ionoshpere
0.4945898397901717,g,SHAP,ionoshpere
0.48110764546797924,g,SHAP,ionoshpere
0.5220721841673371,g,SHAP,ionoshpere
0.4749751539194333,g,SHAP,ionoshpere
0.30154925740260935,g,SHAP,ionoshpere
0.3896729548696722,g,SHAP,ionoshpere
0.35543771585066053,g,SHAP,ionoshpere
0.4956972464191836,g,SHAP,ionoshpere
0.4358575608192576,g,SHAP,ionoshpere
0.5807495285846848,g,SHAP,ionoshpere
0.3514545754151628,g,SHAP,ionoshpere
0.4469288859932341,g,SHAP,ionoshpere
0.42818920597671023,g,SHAP,ionoshpere
0.5704182996342935,g,SHAP,ionoshpere
0.5148546473951384,g,SHAP,ionoshpere
0.45090456121345324,g,SHAP,ionoshpere
0.5242631713493218,g,SHAP,ionoshpere
0.253914105211061,g,SHAP,ionoshpere
0.45398099974372713,g,SHAP,ionoshpere
0.46984763022160125,g,SHAP,ionoshpere
0.45685348323037966,g,SHAP,ionoshpere
0.30478855953615364,g,SHAP,ionoshpere
0.4082370447437316,g,SHAP,ionoshpere
0.6015943483003202,g,SHAP,ionoshpere
0.3491010264015515,g,SHAP,ionoshpere
0.44074076920861865,g,SHAP,ionoshpere
0.4579403451744398,g,SHAP,ionoshpere
0.43496951064703987,g,SHAP,ionoshpere
0.4798517311473311,g,SHAP,ionoshpere
0.5076430967819305,g,SHAP,ionoshpere
0.49936893880301914,g,SHAP,ionoshpere
0.6198719565536394,g,SHAP,ionoshpere
0.45994858417815404,g,SHAP,ionoshpere
0.3328184691598628,g,SHAP,ionoshpere
0.5188098837217532,g,SHAP,ionoshpere
0.46166136692624266,g,SHAP,ionoshpere
0.3707355768827071,g,SHAP,ionoshpere
0.3282226960506284,g,SHAP,ionoshpere
0.4342480022380385,g,SHAP,ionoshpere
0.45031794324962116,g,SHAP,ionoshpere
0.4128711288096744,g,SHAP,ionoshpere
0.27702355163631437,g,SHAP,ionoshpere
0.2921685217966295,g,SHAP,ionoshpere
0.4688189107777951,g,SHAP,ionoshpere
0.17249246561667023,g,SHAP,ionoshpere
0.6050579591072939,g,SHAP,ionoshpere
0.4316185426217055,g,SHAP,ionoshpere
0.609831358623936,g,SHAP,ionoshpere
0.4547062363299439,g,SHAP,ionoshpere
0.6507890585815606,g,SHAP,ionoshpere
0.5010341991092715,g,SHAP,ionoshpere
0.5929999895484175,g,SHAP,ionoshpere
0.4173492293628438,g,SHAP,ionoshpere
0.3154149742877381,g,SHAP,ionoshpere
0.3718670440782931,g,SHAP,ionoshpere
0.5435135435522291,g,SHAP,ionoshpere
0.6034499108581648,g,SHAP,ionoshpere
0.4506231402733944,g,SHAP,ionoshpere
0.4301792943198266,g,SHAP,ionoshpere
0.47870621864051,g,SHAP,ionoshpere
0.41308670106070594,g,SHAP,ionoshpere
0.40719299375194645,g,SHAP,ionoshpere
0.6153584936859549,g,SHAP,ionoshpere
0.38602951201493646,g,SHAP,ionoshpere
0.43848791229158957,g,SHAP,ionoshpere
0.490677792040015,g,SHAP,ionoshpere
0.5501052003060966,g,SHAP,ionoshpere
0.37439144706658,g,SHAP,ionoshpere
0.4719299371337813,g,SHAP,ionoshpere
0.3954620231639591,g,SHAP,ionoshpere
0.36064981078573716,g,SHAP,ionoshpere
0.5852391547513995,b,SHAP,ionoshpere
0.532646500490355,b,SHAP,ionoshpere
0.5281464153792791,b,SHAP,ionoshpere
0.5383627371469824,b,SHAP,ionoshpere
0.27638719517830956,b,SHAP,ionoshpere
0.31045861633899396,b,SHAP,ionoshpere
0.23173578052443294,b,SHAP,ionoshpere
0.4717879937235353,b,SHAP,ionoshpere
0.3892223566596999,b,SHAP,ionoshpere
0.5904348721684656,b,SHAP,ionoshpere
0.3728584209554886,b,SHAP,ionoshpere
0.5625328449603596,b,SHAP,ionoshpere
0.38100110669864795,b,SHAP,ionoshpere
0.5836642815706057,b,SHAP,ionoshpere
0.5354235699733088,b,SHAP,ionoshpere
0.48240535847287247,b,SHAP,ionoshpere
0.4297874634035026,b,SHAP,ionoshpere
0.414020391984477,b,SHAP,ionoshpere
0.4472359234132762,b,SHAP,ionoshpere
0.5901488348858416,b,SHAP,ionoshpere
0.4484456938070899,b,SHAP,ionoshpere
0.31394360489261547,b,SHAP,ionoshpere
0.40941493405818424,b,SHAP,ionoshpere
0.5864223341552257,b,SHAP,ionoshpere
0.3454693301865163,b,SHAP,ionoshpere
0.4920568479346881,b,SHAP,ionoshpere
0.43674970199128893,b,SHAP,ionoshpere
0.4582825142929219,b,SHAP,ionoshpere
0.38502286586027923,b,SHAP,ionoshpere
0.5507308484984861,b,SHAP,ionoshpere
0.5235449201948761,b,SHAP,ionoshpere
0.5398375551824466,b,SHAP,ionoshpere
0.48370173596886196,b,SHAP,ionoshpere
0.2811800893221939,b,SHAP,ionoshpere
0.48292236313162396,b,SHAP,ionoshpere
0.45730085193299586,b,SHAP,ionoshpere
0.5298027330473531,b,SHAP,ionoshpere
0.3981650146842897,b,SHAP,ionoshpere
0.5477679194243122,b,SHAP,ionoshpere
0.5327890933840316,b,SHAP,ionoshpere
0.36729485896522773,b,SHAP,ionoshpere
0.3143926432069616,b,SHAP,ionoshpere
0.1692192439817564,b,SHAP,ionoshpere
0.5006364449860201,b,SHAP,ionoshpere
0.2896418872996602,b,SHAP,ionoshpere
0.5768285589158036,b,SHAP,ionoshpere
0.37097075187844025,b,SHAP,ionoshpere
0.6443991912601492,b,SHAP,ionoshpere
0.412065017244238,b,SHAP,ionoshpere
0.6260675873975989,b,SHAP,ionoshpere
0.548860408932556,b,SHAP,ionoshpere
0.5658930884874163,b,SHAP,ionoshpere
0.27369972391993186,b,SHAP,ionoshpere
0.4618722798672907,b,SHAP,ionoshpere
0.2513370454445973,b,SHAP,ionoshpere
0.5902508370976732,b,SHAP,ionoshpere
0.6220782932392473,b,SHAP,ionoshpere
0.481216305060517,b,SHAP,ionoshpere
0.3662327736510844,b,SHAP,ionoshpere
0.47952259167440886,b,SHAP,ionoshpere
0.46878026315518656,b,SHAP,ionoshpere
0.4796406171367388,b,SHAP,ionoshpere
0.6167881253359315,b,SHAP,ionoshpere
0.409916899175514,b,SHAP,ionoshpere
0.38031513924720617,b,SHAP,ionoshpere
0.49510132284557196,b,SHAP,ionoshpere
0.5313486896521294,b,SHAP,ionoshpere
0.298168809789227,b,SHAP,ionoshpere
0.5622920875077312,b,SHAP,ionoshpere
0.5012516726292862,b,SHAP,ionoshpere
0.31312726655297307,b,SHAP,ionoshpere
